{"cameraMode":{"drawMode":0,"name":"Shaded","section":"Shading Mode"},"sceneLighting":true,"audioPlay":false,"sceneViewState":{"showFog":true,"showMaterialUpdate":false,"showSkybox":false,"showFlares":true,"showImageEffects":true,"showParticleSystems":true},"in2DMode":false,"pivot":{"x":-1.4134401082992554,"y":3.1522281169891359,"z":7.861833095550537},"rotation":{"x":0.05571800842881203,"y":0.9205930233001709,"z":-0.35918423533439639,"w":0.14280691742897035},"size":8.74084186553955,"orthographic":false}